Timestamp,Image 1: What is the dominant emotion expressed in this picture?,Image 2: What is the dominant emotion expressed in this picture?,Image 3: What is the dominant emotion expressed in this picture?,Image 4: What is the dominant emotion expressed in this picture?,Image 5: What is the dominant emotion expressed in this picture?,Image 6: What is the dominant emotion expressed in this picture?,Image 7: What is the dominant emotion expressed in this picture?,Image 8: What is the dominant emotion expressed in this picture?,Image 9: What is the dominant emotion expressed in this picture?,Image 10: What is the dominant emotion expressed in this picture?,Image 11: What is the dominant emotion expressed in this picture?,Image 12: What is the dominant emotion expressed in this picture?,Image 13: What is the dominant emotion expressed in this picture?,Image 14: What is the dominant emotion expressed in this picture?,Image 15: What is the dominant emotion expressed in this picture?,Image 16: What is the dominant emotion expressed in this picture?,Image 17: What is the dominant emotion expressed in this picture?,Image 18: What is the dominant emotion expressed in this picture?,Image 19: What is the dominant emotion expressed in this picture?,Image 20: What is the dominant emotion expressed in this picture?,Image 21: What is the dominant emotion expressed in this picture?,Image 22: What is the dominant emotion expressed in this picture?,Image 23: What is the dominant emotion expressed in this picture?,Image 24: What is the dominant emotion expressed in this picture?,Image 25: What is the dominant emotion expressed in this picture?,Image 26: What is the dominant emotion expressed in this picture?,Image 27: What is the dominant emotion expressed in this picture?,Image 28: What is the dominant emotion expressed in this picture?,Image 29: What is the dominant emotion expressed in this picture?,Image 30: What is the dominant emotion expressed in this picture?,Image 31: What is the dominant emotion expressed in this picture?,Image 32: What is the dominant emotion expressed in this picture?,Image 33: What is the dominant emotion expressed in this picture?,Image 34: What is the dominant emotion expressed in this picture?,Image 35: What is the dominant emotion expressed in this picture?,Image 36: What is the dominant emotion expressed in this picture?,Image 37: What is the dominant emotion expressed in this picture?,Image 38: What is the dominant emotion expressed in this picture?,Image 39: What is the dominant emotion expressed in this picture?,Image 40: What is the dominant emotion expressed in this picture?,Image 41: What is the dominant emotion expressed in this picture?,Image 42: What is the dominant emotion expressed in this picture?,"On a scale of 1 to 7, how confident were you in your overall classifications?"
4/9/2026 19:11,Happiness,Happiness,Happiness,Sadness,Disgust,Sadness,Anger,Disgust,Anger,Surprise,Surprise,Surprise,Surprise,Surprise,Surprise,Contempt,Contempt,Contempt,Anger,Anger,Disgust,Happiness,Happiness,Happiness,Sadness,Sadness,Surprise,Contempt,Anger,Disgust,Fear,Fear,Fear,Surprise,Surprise,Surprise,Contempt,Contempt,Disgust,Disgust,Disgust,Anger,5
4/9/2026 19:30,Happiness,Happiness,Happiness,Sadness,Sadness,Sadness,Contempt,Disgust,Anger,Surprise,Surprise,Surprise,Surprise,Surprise,Surprise,Anger,Contempt,Contempt,Anger,Anger,Anger,Happiness,Happiness,Happiness,Disgust,Sadness,Sadness,Contempt,Anger,Anger,Surprise,Surprise,Disgust,Surprise,Surprise,Fear,Happiness,Happiness,Contempt,Disgust,Anger,Disgust,6
4/9/2026 19:38,Happiness,Happiness,Happiness,Fear,Sadness,Fear,Anger,Disgust,Anger,Surprise,Surprise,Surprise,Surprise,Surprise,Surprise,Sadness,Contempt,Contempt,Anger,Anger,Anger,Happiness,Happiness,Happiness,Sadness,Contempt,Sadness,Anger,Anger,Anger,Surprise,Surprise,Surprise,Surprise,Surprise,Surprise,Contempt,Contempt,Contempt,Anger,Disgust,Disgust,4
4/9/2026 20:21,Happiness,Happiness,Happiness,Sadness,Sadness,Sadness,Anger,Disgust,Anger,Surprise,Fear,Surprise,Fear,Fear,Fear,Sadness,Disgust,Disgust,Anger,Anger,Anger,Happiness,Happiness,Happiness,Sadness,Sadness,Sadness,Disgust,Anger,Anger,Surprise,Surprise,Surprise,Fear,Fear,Fear,Contempt,Contempt,Disgust,Anger,Disgust,Disgust,5
4/9/2026 20:25,Happiness,Happiness,Happiness,Sadness,Sadness,Sadness,Anger,Anger,Anger,Surprise,Surprise,Surprise,Surprise,Surprise,Surprise,Disgust,Fear,Disgust,Anger,Anger,Anger,Contempt,Contempt,Happiness,Sadness,Contempt,Sadness,Anger,Anger,Anger,Surprise,Fear,Surprise,Surprise,Surprise,Surprise,Contempt,Contempt,Contempt,Anger,Anger,Disgust,5
4/9/2026 21:19,Happiness,Happiness,Happiness,Sadness,Fear,Sadness,Disgust,Anger,Disgust,Surprise,Surprise,Surprise,Surprise,Surprise,Surprise,Disgust,Contempt,Disgust,Anger,Anger,Anger,Happiness,Happiness,Happiness,Sadness,Fear,Fear,Disgust,Anger,Anger,Surprise,Surprise,Surprise,Surprise,Surprise,Surprise,Contempt,Contempt,Contempt,Anger,Anger,Anger,5
4/9/2026 23:15,Happiness,Happiness,Happiness,Sadness,Sadness,Sadness,Anger,Anger,Anger,Sadness,Surprise,Surprise,Surprise,Surprise,Surprise,Contempt,Contempt,Contempt,Disgust,Anger,Disgust,Happiness,Happiness,Happiness,Sadness,Sadness,Sadness,Anger,Anger,Anger,Surprise,Surprise,Surprise,Surprise,Surprise,Surprise,Contempt,Contempt,Anger,Anger,Anger,Anger,5
4/10/2026 0:06,Happiness,Happiness,Happiness,Sadness,Sadness,Sadness,Anger,Anger,Anger,Disgust,Disgust,Surprise,Surprise,Surprise,Surprise,Disgust,Sadness,Disgust,Anger,Anger,Anger,Happiness,Happiness,Happiness,Sadness,Sadness,Sadness,Anger,Anger,Anger,Disgust,Surprise,Disgust,Surprise,Surprise,Disgust,Contempt,Disgust,Sadness,Anger,Anger,Anger,6
4/10/2026 0:18,Happiness,Happiness,Happiness,Sadness,Sadness,Fear,Contempt,Contempt,Contempt,Fear,Fear,Sadness,Surprise,Surprise,Surprise,Sadness,Disgust,Sadness,Anger,Anger,Anger,Happiness,Happiness,Happiness,Sadness,Fear,Sadness,Anger,Contempt,Anger,Fear,Surprise,Fear,Surprise,Surprise,Surprise,Happiness,Sadness,Disgust,Contempt,Anger,Contempt,5
4/10/2026 0:22,Contempt,Happiness,Contempt,Sadness,Sadness,Sadness,Disgust,Anger,Anger,Fear,Surprise,Sadness,Surprise,Surprise,Surprise,Contempt,Contempt,Contempt,Anger,Anger,Disgust,Happiness,Happiness,Contempt,Sadness,Sadness,Fear,Anger,Disgust,Disgust,Fear,Fear,Fear,Surprise,Surprise,Surprise,Contempt,Contempt,Contempt,Disgust,Disgust,Anger,6
4/10/2026 0:33,Happiness,Surprise,Happiness,Sadness,Sadness,Sadness,Fear,Sadness,Anger,Fear,Surprise,Fear,Surprise,Surprise,Surprise,Contempt,Contempt,Disgust,Anger,Disgust,Disgust,Happiness,Happiness,Happiness,Sadness,Fear,Contempt,Anger,Anger,Anger,Fear,Fear,Surprise,Surprise,Surprise,Surprise,Contempt,Surprise,Contempt,Disgust,Anger,Anger,4
4/10/2026 0:33,Happiness,Happiness,Happiness,Sadness,Fear,Sadness,Anger,Anger,Anger,Surprise,Disgust,Disgust,Surprise,Surprise,Surprise,Contempt,Contempt,Contempt,Anger,Anger,Anger,Happiness,Happiness,Happiness,Sadness,Fear,Fear,Anger,Anger,Anger,Surprise,Disgust,Fear,Surprise,Surprise,Surprise,Contempt,Surprise,Contempt,Anger,Anger,Anger,4
4/10/2026 3:02,Happiness,Happiness,Happiness,Sadness,Sadness,Fear,Contempt,Anger,Fear,Surprise,Fear,Fear,Surprise,Surprise,Fear,Sadness,Sadness,Sadness,Anger,Anger,Contempt,Happiness,Happiness,Happiness,Sadness,Sadness,Contempt,Contempt,Anger,Contempt,Surprise,Surprise,Fear,Fear,Surprise,Surprise,Disgust,Disgust,Disgust,Anger,Anger,Anger,6
4/10/2026 3:55,Contempt,Happiness,Happiness,Sadness,Sadness,Sadness,Anger,Anger,Anger,Surprise,Fear,Surprise,Surprise,Surprise,Surprise,Contempt,Happiness,Happiness,Anger,Anger,Disgust,Disgust,Contempt,Happiness,Fear,Sadness,Sadness,Contempt,Contempt,Disgust,Surprise,Surprise,Surprise,Surprise,Surprise,Fear,Happiness,Happiness,Happiness,Anger,Anger,Anger,4
4/10/2026 5:01,Happiness,Happiness,Happiness,Sadness,Sadness,Fear,Anger,Anger,Anger,Surprise,Fear,Fear,Surprise,Surprise,Surprise,Anger,Contempt,Anger,Contempt,Anger,Anger,Happiness,Happiness,Happiness,Sadness,Fear,Sadness,Anger,Anger,Anger,Surprise,Surprise,Surprise,Surprise,Surprise,Surprise,Anger,Contempt,Contempt,Anger,Anger,Anger,5
4/10/2026 5:04,Happiness,Happiness,Happiness,Sadness,Fear,Fear,Anger,Anger,Anger,Surprise,Surprise,Surprise,Surprise,Surprise,Surprise,Sadness,Disgust,Contempt,Anger,Anger,Anger,Happiness,Happiness,Happiness,Sadness,Sadness,Sadness,Anger,Anger,Anger,Surprise,Surprise,Surprise,Happiness,Surprise,Surprise,Contempt,Contempt,Contempt,Anger,Anger,Disgust,4
4/10/2026 7:56,Happiness,Happiness,Happiness,Fear,Sadness,Fear,Sadness,Disgust,Fear,Surprise,Surprise,Surprise,Surprise,Surprise,Surprise,Contempt,Happiness,Contempt,Disgust,Anger,Anger,Happiness,Happiness,Happiness,Sadness,Sadness,Fear,Anger,Anger,Anger,Surprise,Surprise,Surprise,Surprise,Surprise,Surprise,Happiness,Happiness,Anger,Fear,Anger,Anger,6
4/10/2026 13:41,Happiness,Happiness,Happiness,Disgust,Sadness,Sadness,Anger,Anger,Anger,Contempt,Surprise,Fear,Fear,Surprise,Surprise,Anger,Anger,Anger,Anger,Anger,Anger,Happiness,Happiness,Happiness,Sadness,Fear,Disgust,Anger,Anger,Anger,Surprise,Surprise,Fear,Surprise,Surprise,Surprise,Happiness,Happiness,Contempt,Anger,Anger,Anger,5
4/10/2026 13:42,Happiness,Happiness,Happiness,Sadness,Disgust,Disgust,Anger,Anger,Anger,Surprise,Surprise,Fear,Surprise,Surprise,Fear,Disgust,Anger,Sadness,Anger,Anger,Anger,Happiness,Happiness,Happiness,Fear,Fear,Contempt,Anger,Anger,Anger,Surprise,Surprise,Surprise,Surprise,Surprise,Surprise,Happiness,Happiness,Contempt,Anger,Anger,Anger,4
4/10/2026 13:43,Happiness,Happiness,Happiness,Surprise,Disgust,Sadness,Contempt,Anger,Anger,Surprise,Surprise,Surprise,Surprise,Surprise,Surprise,Disgust,Anger,Sadness,Anger,Disgust,Anger,Happiness,Happiness,Happiness,Sadness,Sadness,Fear,Disgust,Contempt,Anger,Surprise,Surprise,Surprise,Surprise,Surprise,Surprise,Happiness,Happiness,Anger,Anger,Anger,Contempt,5
4/10/2026 13:43,Happiness,Happiness,Happiness,Contempt,Disgust,Fear,Anger,Anger,Anger,Surprise,Fear,Fear,Surprise,Surprise,Surprise,Contempt,Disgust,Contempt,Anger,Anger,Anger,Happiness,Happiness,Happiness,Disgust,Fear,Fear,Contempt,Anger,Anger,Surprise,Surprise,Surprise,Surprise,Surprise,Fear,Happiness,Happiness,Contempt,Anger,Anger,Anger,5
4/10/2026 13:44,Happiness,Happiness,Happiness,Sadness,Disgust,Sadness,Anger,Disgust,Anger,Surprise,Surprise,Surprise,Surprise,Surprise,Surprise,Anger,Contempt,Sadness,Anger,Anger,Anger,Happiness,Happiness,Happiness,Fear,Sadness,Sadness,Disgust,Contempt,Anger,Fear,Surprise,Surprise,Surprise,Surprise,Surprise,Happiness,Happiness,Contempt,Anger,Contempt,Contempt,7
4/10/2026 13:45,Contempt,Happiness,Contempt,Sadness,Sadness,Sadness,Anger,Disgust,Disgust,Sadness,Surprise,Surprise,Surprise,Surprise,Surprise,Disgust,Disgust,Contempt,Disgust,Anger,Disgust,Contempt,Contempt,Contempt,Sadness,Sadness,Sadness,Disgust,Disgust,Anger,Surprise,Surprise,Surprise,Surprise,Surprise,Surprise,Contempt,Contempt,Contempt,Disgust,Anger,Anger,5
4/10/2026 13:47,Happiness,Happiness,Happiness,Sadness,Sadness,Sadness,Disgust,Anger,Anger,Fear,Surprise,Fear,Surprise,Surprise,Surprise,Disgust,Contempt,Disgust,Anger,Anger,Anger,Happiness,Happiness,Happiness,Fear,Sadness,Sadness,Disgust,Disgust,Anger,Surprise,Surprise,Surprise,Surprise,Surprise,Surprise,Contempt,Contempt,Disgust,Anger,Disgust,Disgust,4
4/10/2026 13:57,Happiness,Happiness,Happiness,Fear,Fear,Fear,Anger,Disgust,Anger,Disgust,Surprise,Sadness,Surprise,Surprise,Surprise,Disgust,Contempt,Contempt,Anger,Anger,Anger,Happiness,Happiness,Happiness,Fear,Fear,Fear,Contempt,Anger,Anger,Fear,Fear,Fear,Surprise,Surprise,Surprise,Contempt,Contempt,Contempt,Anger,Anger,Anger,5
4/10/2026 15:03,Happiness,Happiness,Happiness,Contempt,Fear,Fear,Anger,Disgust,Anger,Fear,Surprise,Surprise,Surprise,Surprise,Surprise,Contempt,Contempt,Contempt,Anger,Anger,Contempt,Happiness,Happiness,Happiness,Fear,Fear,Anger,Anger,Anger,Anger,Surprise,Surprise,Surprise,Surprise,Surprise,Surprise,Happiness,Happiness,Contempt,Anger,Anger,Anger,3
4/10/2026 15:03,Happiness,Fear,Happiness,Sadness,Fear,Fear,Anger,Anger,Anger,Surprise,Surprise,Sadness,Surprise,Surprise,Surprise,Anger,Disgust,Disgust,Anger,Anger,Anger,Fear,Happiness,Anger,Disgust,Fear,Surprise,Anger,Anger,Anger,Surprise,Surprise,Contempt,Surprise,Surprise,Surprise,Contempt,Contempt,Contempt,Anger,Anger,Disgust,3
4/10/2026 15:03,Happiness,Happiness,Happiness,Sadness,Disgust,Sadness,Anger,Anger,Anger,Surprise,Fear,Fear,Surprise,Surprise,Surprise,Anger,Contempt,Disgust,Anger,Anger,Anger,Happiness,Happiness,Happiness,Sadness,Anger,Disgust,Anger,Anger,Anger,Surprise,Surprise,Surprise,Surprise,Surprise,Surprise,Contempt,Contempt,Contempt,Anger,Anger,Anger,5
4/10/2026 15:03,Happiness,Happiness,Happiness,Sadness,Contempt,Surprise,Anger,Disgust,Anger,Surprise,Surprise,Surprise,Surprise,Surprise,Surprise,Anger,Disgust,Disgust,Disgust,Anger,Anger,Happiness,Happiness,Happiness,Fear,Surprise,Disgust,Anger,Disgust,Anger,Contempt,Contempt,Surprise,Surprise,Surprise,Surprise,Contempt,Contempt,Contempt,Anger,Anger,Anger,3
4/10/2026 15:03,Happiness,Surprise,Happiness,Sadness,Sadness,Sadness,Anger,Sadness,Sadness,Surprise,Surprise,Sadness,Surprise,Surprise,Surprise,Anger,Sadness,Contempt,Anger,Anger,Anger,Happiness,Happiness,Happiness,Sadness,Sadness,Fear,Anger,Anger,Anger,Surprise,Surprise,Surprise,Surprise,Surprise,Surprise,Contempt,Contempt,Anger,Anger,Anger,Anger,4
4/10/2026 15:03,Happiness,Happiness,Happiness,Sadness,Disgust,Disgust,Disgust,Disgust,Disgust,Surprise,Surprise,Fear,Happiness,Surprise,Surprise,Contempt,Contempt,Contempt,Anger,Anger,Disgust,Happiness,Happiness,Happiness,Sadness,Sadness,Surprise,Sadness,Disgust,Disgust,Fear,Fear,Fear,Surprise,Surprise,Surprise,Contempt,Contempt,Disgust,Disgust,Disgust,Disgust,5
4/10/2026 15:04,Happiness,Happiness,Happiness,Sadness,Sadness,Fear,Anger,Disgust,Disgust,Surprise,Surprise,Sadness,Surprise,Surprise,Surprise,Contempt,Contempt,Anger,Anger,Anger,Disgust,Happiness,Happiness,Happiness,Sadness,Fear,Disgust,Happiness,Anger,Anger,Surprise,Surprise,Surprise,Surprise,Surprise,Surprise,Contempt,Contempt,Contempt,Anger,Disgust,Anger,6
4/10/2026 15:05,Happiness,Happiness,Happiness,Sadness,Contempt,Fear,Anger,Disgust,Disgust,Surprise,Surprise,Fear,Surprise,Surprise,Surprise,Contempt,Contempt,Contempt,Anger,Anger,Anger,Happiness,Happiness,Happiness,Sadness,Surprise,Contempt,Anger,Anger,Anger,Surprise,Surprise,Fear,Surprise,Surprise,Surprise,Happiness,Happiness,Happiness,Anger,Anger,Anger,7
4/10/2026 15:05,Happiness,Happiness,Happiness,Sadness,Fear,Sadness,Anger,Disgust,Disgust,Surprise,Surprise,Sadness,Surprise,Surprise,Surprise,Contempt,Contempt,Anger,Anger,Anger,Anger,Happiness,Happiness,Happiness,Fear,Sadness,Sadness,Anger,Anger,Anger,Fear,Surprise,Surprise,Surprise,Surprise,Sadness,Contempt,Contempt,Contempt,Anger,Anger,Disgust,5
4/10/2026 15:05,Happiness,Happiness,Happiness,Sadness,Fear,Fear,Anger,Anger,Anger,Fear,Surprise,Sadness,Surprise,Surprise,Surprise,Disgust,Contempt,Disgust,Disgust,Contempt,Anger,Happiness,Happiness,Happiness,Contempt,Surprise,Contempt,Contempt,Anger,Anger,Disgust,Surprise,Surprise,Surprise,Surprise,Surprise,Happiness,Happiness,Contempt,Anger,Anger,Anger,3
4/10/2026 18:30,Contempt,Surprise,Happiness,Disgust,Sadness,Disgust,Anger,Disgust,Anger,Fear,Fear,Fear,Fear,Surprise,Fear,Sadness,Contempt,Anger,Anger,Disgust,Disgust,Happiness,Happiness,Happiness,Disgust,Disgust,Fear,Anger,Anger,Anger,Fear,Fear,Fear,Fear,Fear,Fear,Contempt,Contempt,Contempt,Disgust,Anger,Anger,5
4/10/2026 21:39,Happiness,Happiness,Happiness,Sadness,Sadness,Fear,Anger,Anger,Anger,Fear,Surprise,Fear,Surprise,Surprise,Surprise,Contempt,Contempt,Contempt,Anger,Anger,Anger,Happiness,Happiness,Happiness,Fear,Sadness,Disgust,Anger,Anger,Anger,Fear,Surprise,Disgust,Surprise,Surprise,Surprise,Contempt,Contempt,Contempt,Anger,Anger,Anger,5
4/10/2026 22:06,Happiness,Happiness,Happiness,Sadness,Sadness,Sadness,Anger,Anger,Anger,Surprise,Surprise,Surprise,Surprise,Surprise,Surprise,Contempt,Disgust,Disgust,Anger,Anger,Anger,Happiness,Happiness,Happiness,Sadness,Sadness,Surprise,Anger,Anger,Disgust,Fear,Fear,Fear,Surprise,Surprise,Fear,Happiness,Happiness,Contempt,Anger,Disgust,Contempt,4
4/10/2026 22:31,Happiness,Happiness,Happiness,Contempt,Disgust,Sadness,Anger,Anger,Anger,Surprise,Surprise,Surprise,Surprise,Surprise,Surprise,Disgust,Contempt,Contempt,Anger,Anger,Anger,Happiness,Happiness,Happiness,Disgust,Sadness,Disgust,Anger,Anger,Anger,Fear,Surprise,Fear,Surprise,Surprise,Surprise,Contempt,Contempt,Contempt,Anger,Anger,Anger,4
4/11/2026 12:33,Happiness,Happiness,Happiness,Sadness,Sadness,Sadness,Disgust,Contempt,Anger,Surprise,Surprise,Surprise,Surprise,Surprise,Surprise,Sadness,Contempt,Happiness,Anger,Anger,Disgust,Happiness,Happiness,Happiness,Sadness,Sadness,Sadness,Contempt,Anger,Disgust,Fear,Fear,Surprise,Surprise,Surprise,Surprise,Contempt,Contempt,Disgust,Anger,Disgust,Anger,5
4/11/2026 13:12,Happiness,Happiness,Happiness,Sadness,Sadness,Sadness,Anger,Sadness,Anger,Surprise,Sadness,Surprise,Surprise,Surprise,Surprise,Surprise,Surprise,Contempt,Contempt,Anger,Contempt,Happiness,Happiness,Happiness,Sadness,Sadness,Sadness,Sadness,Anger,Anger,Surprise,Surprise,Surprise,Sadness,Surprise,Surprise,Happiness,Happiness,Contempt,Contempt,Sadness,Anger,3
4/11/2026 21:32,Happiness,Happiness,Happiness,Sadness,Sadness,Sadness,Disgust,Disgust,Anger,Disgust,Fear,Surprise,Surprise,Fear,Fear,Disgust,Sadness,Disgust,Anger,Anger,Anger,Happiness,Happiness,Happiness,Sadness,Fear,Sadness,Anger,Anger,Anger,Fear,Surprise,Fear,Surprise,Fear,Surprise,Contempt,Contempt,Contempt,Anger,Anger,Disgust,3
4/12/2026 1:16,Happiness,Happiness,Happiness,Fear,Disgust,Sadness,Anger,Disgust,Anger,Fear,Surprise,Surprise,Surprise,Surprise,Fear,Disgust,Disgust,Anger,Anger,Anger,Anger,Happiness,Happiness,Happiness,Disgust,Fear,Disgust,Anger,Anger,Anger,Surprise,Surprise,Surprise,Surprise,Surprise,Surprise,Contempt,Contempt,Contempt,Anger,Disgust,Disgust,6
4/12/2026 2:54,Happiness,Happiness,Happiness,Sadness,Sadness,Disgust,Anger,Disgust,Anger,Surprise,Surprise,Fear,Fear,Surprise,Surprise,Disgust,Anger,Contempt,Disgust,Anger,Anger,Happiness,Happiness,Happiness,Sadness,Sadness,Sadness,Anger,Anger,Anger,Fear,Surprise,Surprise,Surprise,Surprise,Fear,Happiness,Happiness,Disgust,Anger,Anger,Anger,3
4/12/2026 12:22,Happiness,Happiness,Happiness,Sadness,Sadness,Sadness,Anger,Disgust,Anger,Fear,Surprise,Fear,Surprise,Surprise,Surprise,Contempt,Contempt,Contempt,Anger,Disgust,Anger,Happiness,Happiness,Happiness,Fear,Sadness,Fear,Anger,Disgust,Anger,Fear,Surprise,Fear,Surprise,Surprise,Surprise,Contempt,Happiness,Contempt,Anger,Anger,Anger,4
,,,,,,,,,,,,,,,,,,,,,,,,,,,,,,,,,,,,,,,,,,,
,,,,,,,,,,,,,,,,,,,,,,,,,,,,,,,,,,,,,,,,,,,4.69
